{"cameraMode":{"drawMode":0,"name":"Shaded","section":"Shading Mode"},"sceneLighting":true,"audioPlay":false,"sceneViewState":{"m_AlwaysRefresh":false,"showFog":true,"showSkybox":true,"showFlares":true,"showImageEffects":true,"showParticleSystems":true,"showVisualEffectGraphs":true,"m_FxEnabled":true},"in2DMode":false,"pivot":{"x":1.3662147521972657,"y":1.5475163459777833,"z":2.751371145248413},"rotation":{"x":-0.1522686928510666,"y":0.1555565893650055,"z":-0.024275731295347215,"w":-0.9757161140441895},"size":0.3320741355419159,"orthographic":false}