{"cameraMode":{"drawMode":0,"name":"Shaded","section":"Shading Mode"},"sceneLighting":true,"audioPlay":false,"sceneViewState":{"m_AlwaysRefresh":false,"showFog":true,"showSkybox":true,"showFlares":true,"showImageEffects":true,"showParticleSystems":true,"showVisualEffectGraphs":true,"m_FxEnabled":true},"in2DMode":false,"pivot":{"x":0.11841058731079102,"y":0.9568815231323242,"z":3.2005808353424074},"rotation":{"x":-0.08869095891714096,"y":-0.005381155293434858,"z":0.0004781361494679004,"w":-0.9960391521453857},"size":0.1435290277004242,"orthographic":false}